{"kIj206jlk0AxK1M6KQ6CIg==":"marsala%20flores%20suave%20org%C3%A2nico%20fashion%20logo%20(4)-depositphotos-bgremover-121x121.png","+qeroVmjQxmuXZ44j8Z/QA==":"6.jpeg","meqafTq1eyDbWgbyd8lOag==":"design%20sem%20nome%20(12)-1500x500.png","2B6hjVCBFPUAEjvb5MawrA==":"61vmupcs7pl._ac_sl1000_-460x934.jpg","ZiutJHacefDB0nZn6wIt0g==":"51qs73ow9pl._ac_sx385_-385x471.jpg","gq/8y1FjRXN97t2hO8njAw==":"71rvvvjbbhs._ac_ul320_-305x320.jpg","MZAM9nSGeFhwfdMdp9C6dw==":"marsala%20flores%20suave%20org%C3%A2nico%20fashion%20logo%20(4)-depositphotos-bgremover-369x369.png","507/SOJYj8r96qUL/kBWqw==":"skateboard-1091710-1920-510x335.jpg","9jLBxUJggDg5NbxxZMT7AA==":"raftin1-400x279.jpg","FrhtGNfq1r9xeeotWDnUxw==":"mbr-510x338.jpg","dmUL23GLUn0O/5pQgYT4gA==":"mbr-510x340.jpg","QtmGTnfvAANwF1hrosXWPw==":"rafting-1259609-1920-510x338.jpg","aJKy+uAxwUCxpE8oyczAXQ==":"219417645_564125414969992_1142130716236937015_n%20(1)-1076x1076.png","kYIz0ZgeERwIN/u9+lrRkQ==":"mbr-1076x717.jpg","QdZ0jIAKRLc4CteXc6/UIg==":"mbr-558x372.jpg","dEVCc0h10G0zExV8i1nvIw==":"mbr-1-558x406.jpg","Nax26HG9EkvhuaSAPAzDmg==":"mbr-1-558x372.jpg","FIYUMDwqNEWRzY5nFd22mw==":"mbr-558x371.jpg","8wAlygKoO7edxod2SGR/gg==":"92b13a2ad456d4376a3f1431ab0e4ba9-510x638.jpg","nYS6/GhGm7LnbJh8+dJmWQ==":"global%20climate%20strike%20-%20facebook%20event%20cover%20-%20one%20planet-510x287.png","74XCN6gErbhyZQMccIDnJA==":"verde%20laranja%20e%20rosa%20org%C3%A2nico%20corporativo%20pme%20kit%20de%20marketing%20banner%20para%20linkedin-510x128.png","w2VlqaYsc0kzzvQHvILrXw==":"196257910_532914024757798_6788178524012536288_n-510x510.png","VlDmDMmhiVbQ5SC05kxqlg==":"branco%20fotografia%20retr%C3%B4%20banner%20para%20etsy-1200x300.png","aFZFPecADAyZ4UpzVZUF0A==":"mbr-1108x733.jpg","4ags6SwGKv1b0S8TY/nwAw==":"mbr-1108x493.jpg","4ATvHUme267eIHa4+Sfppg==":"mbr-1108x1108.png","1p8tDVTFQzIvwqp6Thzhlg==":"mbr-1108x1108.jpg","HQj5b/NLhye2P9Z2eHr1Aw==":"71cyydnvmzl._ac_ul320_-320x240.jpg","5K4QN8+H4Nc+0fHbQGhk1g==":"volleyball-players-2900992-1920-1920x1279.jpg"}